id	giver_handle	recipient_handle	giver_name	recipient_name	exact_excerpt	source_url	date	category	explicit_relationship
E19	sarmariewright	ahiggz	Sarah Wright	Ashley Higgins	Props to the team who worked on this, including @ahiggz, @syswarren, @DeVladinci and @rahulmfg!	https://x.com/sarmariewright/status/1628041744922316800	2023-02-21	specific_contribution_praise	Product Hunt Chrome extension hackathon team
E20	sarmariewright	syswarren	Sarah Wright	Julie Chabin	Props to the team who worked on this, including @ahiggz, @syswarren, @DeVladinci and @rahulmfg!	https://x.com/sarmariewright/status/1628041744922316800	2023-02-21	specific_contribution_praise	Product Hunt Chrome extension hackathon team
E21	sarmariewright	DeVladinci	Sarah Wright	Vlad	Props to the team who worked on this, including @ahiggz, @syswarren, @DeVladinci and @rahulmfg!	https://x.com/sarmariewright/status/1628041744922316800	2023-02-21	specific_contribution_praise	Product Hunt Chrome extension hackathon team
E22	sarmariewright	rahulmfg	Sarah Wright	Rahul	Props to the team who worked on this, including @ahiggz, @syswarren, @DeVladinci and @rahulmfg!	https://x.com/sarmariewright/status/1628041744922316800	2023-02-21	specific_contribution_praise	Product Hunt Chrome extension hackathon team
E23	ahiggz	rajivayyangar	Ashley Higgins	Rajiv Ayyangar	the talented @rajivayyangar will be leading the company’s next chapter.	https://x.com/ahiggz/status/1704179319176569222	2023-09-19	general_professional_endorsement	Incoming Product Hunt CEO named by outgoing CEO
E24	rrhoover	syswarren	Ryan Hoover	Julie Chabin	Grateful for all your hard work + sincere care for makers and the Product Hunt community.	https://x.com/rrhoover/status/1686106685016846336	2023-07-31	specific_contribution_praise	Reply to Julie’s last-day-at-Product-Hunt post
E25	rrhoover	andreasklinger	Ryan Hoover	Andreas Klinger	I've backed all of @andreasklinger's funds, including his latest. He's good.	https://x.com/rrhoover/status/2013299287141093692	2026-01-19	general_professional_endorsement	Ryan as backer/LP of Andreas’s funds
E26	eriktorenberg	gaby_goldberg	Erik Torenberg	Gaby Goldberg	Gaby is incredibly talented and kind and I'm absolutely stoked to have her join the firm.	https://x.com/eriktorenberg/status/2056428104520712316	2026-05-18	general_professional_endorsement	Hiring Gaby as a16z New Media partner
E27	eriktorenberg	gbrl_dick	Erik Torenberg	Gabriel	Gabriel is one of the best poasters in the world who will help us do it.	https://x.com/eriktorenberg/status/2026408081806987667	2026-02-24	specific_skill_praise	Hiring Gabriel onto a16z New Media team
E28	david__booth	gbrl_dick	David Booth	Gabriel	gabriel is one of the best, welcome to the team man!	https://x.com/david__booth/status/2026414829649670489	2026-02-24	general_professional_endorsement	Same a16z New Media hire
E29	david__booth	minney_cat	David Booth	Minn	I still had the opportunity to hire/work with her at On Deck… truly one of the best.	https://x.com/david__booth/status/1772324925963125009	2024-03-25	firsthand_work_endorsement	David hired/worked with Minn at On Deck
E30	eriktorenberg	Alex_Danco	Erik Torenberg	Alex Danco	Alex is one of the best tech writers of the past decade, and I’m honored to have him join us.	https://x.com/eriktorenberg/status/1955309164860936369	2025-08-12	specific_skill_praise	Hiring Alex as a16z Editor at Large
E31	eriktorenberg	jiratickets	Erik Torenberg	JT	Stoked to have @jiratickets join. We are hiring the best posters we can find.	https://x.com/eriktorenberg/status/2092701180816498749	2026-08-26	hiring_praise	Hiring JT onto a16z New Media team
E32	andreasklinger	PhilippSpiess	Andreas Klinger	Philipp Spiess	@PhilippSpiess was react core team, at tailwind, sourcegraph, and Nicolas is engineering leader at Gitlab – both are super talented.	https://x.com/andreasklinger/status/2018756491386204476	2026-02-03	specific_skill_praise	Podcast hosts; no stated joint employment
E33	sarmariewright	ahiggz	Sarah Wright	Ashley Higgins	So thankful to @ahiggz for her leadership and to have had the opportunity to learn from her	https://x.com/sarmariewright/status/1704183243673850091	2023-09-19	leadership_praise	2.5 years together at Product Hunt; outgoing-CEO announcement
